"X","country","village","long","lat","n","y"
1,"TANZANIA","Mgaya",33.6625,-9.642222,30,3
2,"TANZANIA","Kasumulu",33.775363,-9.575265,30,13
3,"TANZANIA","Njugilo",33.8167,-9.48333,30,12
4,"TANZANIA","Mpunguti",34.01958,-9.402053,30,8
5,"TANZANIA","Mababu",34.123888,-9.517777,30,21
6,"TANZANIA","Nsongola",33.789999,-9.415554,30,1
7,"TANZANIA","Lukasi",33.982222,-9.290276,30,11
8,"TANZANIA","Lupando",33.737498,-9.45861,30,20
9,"TANZANIA","Ludilu",34.42,-9.633055,30,2
10,"TANZANIA","Lusala",34.606388,-9.711111,30,3
11,"TANZANIA","Ikondo",35.308056,-9.310278,43,10
12,"TANZANIA","Kanikelel",35.431389,-9.245278,45,4
13,"TANZANIA","Lwanzali",35.505833,-9.493056,58,14
14,"TANZANIA","Mfiriga",35.366667,-9.670833,30,14
15,"TANZANIA","Lugolofu",35.421389,-8.831944,30,8
16,"TANZANIA","Magunguli",35.253056,-8.868611,30,20
17,"TANZANIA","Idete",35.443611,-8.982222,30,18
18,"TANZANIA","Ukami",35.8075,-8.616667,30,22
19,"TANZANIA","Ihimbo",35.799999,-7.9,46,22
20,"TANZANIA","Mandepwen",36.428611,-10.468056,46,10
21,"TANZANIA","Tegetero",37.716667,-6.933333,16,3
22,"TANZANIA","Bagilo",37.7441,-6.897216,30,10
23,"TANZANIA","Mifulu",37.752676,-6.94961,37,11
24,"TANZANIA","Singisa",37.666667,-7.266667,56,28
25,"TANZANIA","Madizini",38.120278,-6.461111,35,4
26,"TANZANIA","Lukenge",38.091111,-6.455556,57,2
5937,"TANZANIA","KIDOGOBAS",37.02464,-7.63765,33,1
5938,"TANZANIA","LUNMANGO",37.03865,-7.52315,43,6
5939,"TANZANIA","KISAKI GO",37.60235,-7.46468,39,2
5940,"TANZANIA","BOMBO MAJ",33.68942,-4.85095,39,1
5941,"TANZANIA","MAGOMA",38.57543,-4.90217,50,2
5942,"TANZANIA","KWETONGE",38.64231,-4.78632,28,0
5943,"TANZANIA","KERENGE",38.53523,-5.02677,20,0
5944,"TANZANIA","MAKABURIN",38.54515,-5.03333,14,0
5945,"TANZANIA","KIZARA",38.52038,-4.96858,30,6
5946,"TANZANIA","MZUNDU",38.33932,-5.50925,31,0
5947,"TANZANIA","KWANKONJE",38.20682,-5.59203,28,0
5948,"TANZANIA","MISIMA",38.11655,-5.33023,44,1
5949,"TANZANIA","MSWAKI",37.77283,-5.46475,36,0
5950,"TANZANIA","MWABALANG",37.84418,-5.43355,34,0
5951,"TANZANIA","KWENGAMBA",37.96307,-5.41922,25,0
5952,"TANZANIA","KWEDIBOMA",37.57331,-5.43553,33,0
5953,"TANZANIA","KITARAKA",34.33591,-5.67043,29,1
5954,"TANZANIA","MABONDONI",34.66164,-5.87536,14,0
5955,"TANZANIA","KILIMATIN",34.91706,-5.98331,19,0
5956,"TANZANIA","MUHANGA",34.46099,-6.02116,30,0
5957,"TANZANIA","ITETEMA",35.07068,-6.08949,22,2
5958,"TANZANIA","MITUMBI",34.08728,-5.87283,35,1
5959,"TANZANIA","KILUMBI",33.59938,-6.37283,30,0
5960,"TANZANIA","MWAMAGEMB",33.79492,-6.48275,24,0
5961,"TANZANIA","KINTINKU",35.20928,-5.74376,21,0
5962,"TANZANIA","MAKUTAPOR",35.33524,-5.84387,23,1
5963,"TANZANIA","KARANGAI",36.86337,-3.47698,35,0
5964,"TANZANIA","NDURUMA",36.79237,-3.48032,26,0
5965,"TANZANIA","MBUGUNI",36.91662,-3.55411,33,0
5966,"TANZANIA","NGARE NAN",36.85838,-3.17167,32,0
5967,"TANZANIA","ODDONYO S",36.69531,-3.15893,16,0
5968,"TANZANIA","LEVIBORO",36.69524,-3.03885,19,0
5969,"TANZANIA","UTENDA",32.08706,-6.57045,36,0
5970,"TANZANIA","IPWAGA",32.17665,-6.89443,30,0
5971,"TANZANIA","ISONGE",32.50356,-7.60363,30,0
5972,"TANZANIA","GANZA",30.90609,-5.08521,46,1
5973,"TANZANIA","NKONDE",30.987228,-5.90394,30,0
5974,"TANZANIA","BUKUNMBI",31.10887,-5.75368,30,0
5975,"TANZANIA","SIRE",31.79283,-5.733552,30,0
5976,"TANZANIA","SUNGAMILA",31.293228,-6.26609,30,0
5977,"TANZANIA","CHIWANDA",32.66854,-9.07035,30,0
5978,"TANZANIA","HALUNGANO",32.87415,-8.95828,33,0
5979,"TANZANIA","ISENZNYA",32.65871,-8.66584,43,0
5980,"TANZANIA","LUPA",33.34283,-8.74261,36,0
5981,"TANZANIA","MBUYUNI",32.86876,-8.58328,43,0
5982,"TANZANIA","MAKONGOLO",33.17539,-8.35925,35,1
5983,"TANZANIA","KANGA",33.21609,-8.54493,33,0
5984,"TANZANIA","CHUNYA",33.54283,-8.63709,27,0
5985,"TANZANIA","ISENYELA",33.61612,-8.75377,32,0
5986,"TANZANIA","KIDUGALE",34.65449,-9.27591,25,0
5987,"TANZANIA","UKWAMA",34.43706,-9.73948,21,2
5988,"TANZANIA","NYAKANYAS",31.21098,-1.22043,50,0
5989,"TANZANIA","KITONGOLE",31.37721,-1.32271,35,0
5990,"TANZANIA","CHEMUL",30.93706,-1.41669,38,0
5991,"TANZANIA","RUHANSA",31.95426,-1.60187,35,0
5992,"TANZANIA","NSHAMBA",31.49942,-1.74376,51,0
5993,"TANZANIA","NYAMAHALE",30.91054,-2.44823,35,0
5994,"TANZANIA","BIHARAMUL",31.27043,-2.58521,40,0
5995,"TANZANIA","MABOGWE",31.24204,-4.02024,39,0
5996,"TANZANIA","MARUNGU",31.09438,-4.18942,50,0
5997,"TANZANIA","USHIROMBO",31.95873,-3.58751,42,0
5998,"TANZANIA","KABILA",32.16776,-3.76054,37,0
5999,"TANZANIA","BUGOMBA",32.08349,-4.03937,30,0
6000,"TANZANIA","Nalasi",36.99309,-11.50905,40,12
6001,"TANZANIA","Lijombo",37.09677,-11.41177,40,21.2
6002,"TANZANIA","Mchoteka",36.89862,-11.43891,40,7.2
6003,"TANZANIA","Marumba",36.87327,-11.31222,40,30.4
6004,"TANZANIA","Masuguru",36.89631,-11.37783,40,30.8
6005,"TANZANIA","Hulia",36.67972,-10.79864,40,21.2
6006,"TANZANIA","Fundimban",36.79724,-10.80317,40,8.4
6007,"TANZANIA","Ndenyende",36.96774,-10.80996,40,9.2
6008,"TANZANIA","Mnenje",36.97465,-10.87783,40,8.4
6009,"TANZANIA","Maholong'",34.745,-9.918,40,16
6010,"TANZANIA","Luilo",34.682,-10.387,40,6.8
6011,"TANZANIA","Lifua",34.77,-10.365,40,8
6012,"TANZANIA","Kingole",34.646,-10.44,40,33.2
6013,"TANZANIA","Nkomang'o",34.686,-10.288,40,16
6014,"TANZANIA","Ibumi",34.925,-10.125,40,30.8
6015,"TANZANIA","Ngelenge",34.585,-10.502,40,2.8
6016,"TANZANIA","Ilela",34.587,-10.485,40,8
6017,"TANZANIA","Lumbila",34.225,-9.67,40,16
6018,"TANZANIA","Shaurimoy",34.776,-9.845,40,21.2
6019,"TANZANIA","Mkongobak",34.72,-9.85,40,16
6020,"TANZANIA","Mundindi",34.908,-9.835,40,18.8
6021,"TANZANIA","Njelela",34.92,-9.785,40,18.8
6022,"TANZANIA","Lugumbiro",34.437,-9.73,40,17.2
6023,"TANZANIA","Mawengi",34.475,-9.845,40,16
6024,"TANZANIA","Lupande",34.425,-9.775,40,16
6025,"TANZANIA","Luana",34.585,-9.96,40,14.8
6026,"TANZANIA","Mbwila",34.58,-9.94,40,20
6027,"TANZANIA","Ibihi Mag",34.621,-10.022,40,16
6028,"TANZANIA","Kilugu",33.9159,-9.3647,40,25.2
6029,"TANZANIA","Kisegese",33.9136,-9.4106,40,20.8
6030,"TANZANIA","Kibole",33.8772,-9.3624,40,20.4
6031,"TANZANIA","Kifunda",33.9068,-9.3349,40,19.6
6032,"TANZANIA","Ngubati",33.659,-9.4587,40,16.8
6033,"TANZANIA","Kipapa",33.9022,-9.3028,40,16.44
6034,"TANZANIA","Kambasege",33.7977,-9.3945,40,11.6
6035,"TANZANIA","Mababu",33.8727,-9.4931,40,10.4
6036,"TANZANIA","Sanu",33.884,-9.2798,40,10.4
6037,"TANZANIA","Kipoke",33.5409,-9.1881,40,0.4
6038,"TANZANIA","Mbambo",33.7772,-9.3624,40,7.2
6039,"TANZANIA","Masukulu",33.7909,-9.3945,40,6.8
6040,"TANZANIA","Ngeleka",33.9045,-9.445,40,6.4
6041,"TANZANIA","Kasyabone",33.859,-9.3853,40,6.4
6042,"TANZANIA","Ntaba",33.8295,-9.4358,40,2
6043,"TANZANIA","Isange",33.8223,-9.3991,40,0.4
6044,"TANZANIA","Ndobo",33.925,-9.4954,40,1.2
6045,"TANZANIA","Busil   y",33.8454,-9.445,40,1.2
6046,"TANZANIA","L/Masoko",33.8841,-9.5252,40,7.6
6047,"TANZANIA","Matema",34.0114,-9.5,40,2
6048,"TANZANIA","Maharaka",37.3062,-7.1734,40,5.6
6049,"TANZANIA","Mkongoro",29.7141,-4.6901,40,5.6
6050,"TANZANIA","Mdunduwal",35.41629,-10.52018,40,36
6051,"TANZANIA","Nakahuga",35.34389,-10.6861,40,37.2
6052,"TANZANIA","Ngazini",35.33937,-10.47982,40,40
6053,"TANZANIA","Lugagara",35.26697,-10.53363,40,39.2
6054,"TANZANIA","Mahanje",35.27602,-9.87892,40,38.8
6055,"TANZANIA","Mkongotem",35.47059,-9.93274,40,28
6056,"TANZANIA","Liti",35.38009,-9.9417,40,33.2
6057,"TANZANIA","Wino",35.30317,-9.75336,40,8
6058,"TANZANIA","Maweso",35.25339,-9.79821,40,36
6059,"TANZANIA","Lilondo",35.32579,-9.8296,40,37.2
6060,"TANZANIA","Wilima",34.886879,-9.789239,40,37.2
6061,"TANZANIA","Ifinga",35.52489,-9.53363,40,32.4
6062,"TANZANIA","Kitanda",35.89593,-10.06727,40,38.8
6063,"TANZANIA","Naikesi",35.88235,-10.24215,40,36
6064,"TANZANIA","Msindo",35.76923,-10.5157,40,27.2
6065,"TANZANIA","Namabengo",35.85973,-10.55157,40,9.2
6066,"TANZANIA","Mawa",35.76923,-10.47982,40,27.2
6067,"TANZANIA","Mpandangi",35.62443,-10.54709,40,31.6
6068,"TANZANIA","Ngadinda",35.66516,-10.21525,40,37.2
6069,"TANZANIA","Mtyangimb",35.67873,-10.38565,40,18
6070,"TANZANIA","Libango",36.04072,-10.43049,40,10
6071,"TANZANIA","Luegu",35.54751,-10.5157,40,26.8
6072,"TANZANIA","Mtumbatim",36.10407,-10.29148,40,24
6073,"TANZANIA","Mkongo Gu",36.04525,-10.67713,40,26.8
6074,"TANZANIA","Chengena",36.08145,-10.59641,40,26.8
6075,"TANZANIA","Ligera",36.09955,-10.91928,40,26.4
6076,"TANZANIA","Mtelawamw",36.14027,-10.89238,40,26.8
6077,"TANZANIA","Matimira",35.80543,-10.69507,40,28.8
6078,"TANZANIA","Kikunja",35.73756,-10.82511,40,34.4
6079,"TANZANIA","Mpitimbi",35.53846,-10.80718,40,10
6080,"TANZANIA","Namatuhi",35.49321,-10.91928,40,28
6081,"TANZANIA","Muhukuru",35.44344,-11.21076,40,20.4
6082,"TANZANIA","Nakahegwa",35.32579,-10.78475,40,25.2
6083,"TANZANIA","Mlale JKT",35.29864,-10.81166,40,25.2
6084,"TANZANIA","Chandalua",34.98799,-11.0134,40,24.8
6085,"TANZANIA","Mtunduwal",34.92699,-10.48105,40,26.8
6086,"TANZANIA","Litumband",35.07486,-10.51987,40,33.2
6087,"TANZANIA","Luhagara",35.06007,-10.55314,40,29.2
6088,"TANZANIA","Amani Mak",35.15619,-10.69917,40,24.8
6089,"TANZANIA","Mpepai",35.18022,-11.14464,40,34.4
6090,"TANZANIA","Liparamba",35.23198,-11.4293,40,28
6091,"TANZANIA","Lundo",34.73475,-11.21858,40,17.2
6092,"TANZANIA","Ukata-Lun",34.7976,-10.86922,40,8
6093,"TANZANIA","Mango",34.6719,-11.03558,40,28.8
6094,"TANZANIA","Ndongosi",35.59729,-10.97758,40,26.8
6095,"TANZANIA","Masolo",30.71978,-7.46962,50,0
6096,"TANZANIA","Ching'omb",31.05441,-8.12311,50,0
6097,"TANZANIA","Kizumbi",31.83995,-7.90731,31,0
6098,"TANZANIA","Kipanga",31.05364,-8.3139,50,0
6099,"TANZANIA","Kaposwa",31.24084,-8.58795,30,0
6100,"TANZANIA","Kyanda",31.75976,-8.29295,35,0
6101,"TANZANIA","Mombo",31.95055,-8.76792,48,0
6102,"TANZANIA","Uvinza",30.40228,-5.10777,23,0
6103,"TANZANIA","Mahembe",29.74179,-4.80248,33,1
6104,"TANZANIA","Nkongoro",29.71412,-4.69013,43,3
6105,"TANZANIA","Kalinzi",29.74081,-4.61296,50,0
6106,"TANZANIA","Janda",29.87263,-4.62343,40,0
6107,"TANZANIA","Makere",30.42571,-4.28002,50,0
6108,"TANZANIA","Kanyonza",31.00253,-3.24439,30,0
6109,"TANZANIA","Ukami/Kis",35.733333,-8.5,58,4
6110,"TANZANIA","Chogo",35.7469,-8.51469,50,2
6111,"TANZANIA","Ndiwili",35.79505,-7.90881,30,0
6112,"TANZANIA","Mahenge",36.22662,-7.63216,31,0
6113,"TANZANIA","Msongozi",37.34102,-7.06775,36,1
6114,"TANZANIA","Changa",37.7853,-6.97289,59,3
6115,"TANZANIA","Mtombozi",37.78254,-7.10375,27,0
6116,"TANZANIA","Tawa",37.72962,-7.01663,36,2
6117,"TANZANIA","Magogoni",37.98641,-7.22925,37,2
6118,"TANZANIA","Kolero",37.77671,-7.2333,33,8
6119,"TANZANIA","Bwakira C",37.73662,-7.40698,32,13
6120,"TANZANIA","Ngazi",37.67388,-7.42388,42,6
6121,"TANZANIA","Bwakira J",37.69447,-7.29997,30,9
6122,"TANZANIA","Baghai",35.35038,-4.88347,47,4
6123,"TANZANIA","Bumbuli",38.46806,-4.86442,46,6
6124,"TANZANIA","Kwendogho",38.13839,-4.33779,33,4
6125,"TANZANIA","Mkalie",38.49946,-4.95057,41,10
6126,"TANZANIA","Ubiri",38.5721,-5.10712,34,21
6127,"TANZANIA","Maurui",38.38821,-5.13824,34,13
6128,"TANZANIA","Mswaha",38.3175,-5.15207,60,2
6129,"TANZANIA","Muungano-",37.70414,-5.48125,34,5
6130,"TANZANIA","Tamato",37.55077,-5.59079,36,6
6131,"TANZANIA","Kim-Neger",37.80179,-5.81284,36,7
6132,"TANZANIA","Magoroto",38.74163,-5.11035,56,9
6133,"TANZANIA","Fanusi",38.67708,-5.11554,66,18
6134,"TANZANIA","Ngambo",38.61923,-5.04294,36,3
6135,"TANZANIA","Ngua",38.58739,-5.14358,41,5
6136,"TANZANIA","Potwe-Ndo",38.61679,-5.20267,32,18
6137,"TANZANIA","Ikondo",35.23768,-9.08108,32,6
6138,"TANZANIA","Mgala",35.22369,-9.52905,47,8
6139,"TANZANIA","Itambo",35.34671,-9.39509,51,2
6140,"TANZANIA","Ukalawa",35.2882,-9.1612,40,3
6141,"TANZANIA","Ikang'asi",35.34907,-9.34887,48,2
6142,"TANZANIA","Myaye",35.29343,-9.13524,57,16
6143,"TANZANIA","Magonguli",35.18821,-8.74306,32,0
6144,"TANZANIA","Mpanga-Tz",35.6567,-8.34998,43,5
6145,"TANZANIA","Lugolofu",35.30746,-8.69214,35,0
6146,"TANZANIA","Makungu",35.28817,-8.73718,31,0
6147,"TANZANIA","Igomaa",34.94417,-8.22467,94,0
6148,"TANZANIA","Kilondo",34.31002,-9.73962,30,18
6149,"TANZANIA","Lumbila",34.14669,-9.58846,30,16
6150,"TANZANIA","Lupingu",34.56267,-10.09455,30,14
6151,"TANZANIA","Kilimani",35.00828,-10.9865,51,12
6152,"TANZANIA","Lupumba K",35.01525,-10.84325,49,15
6153,"TANZANIA","Lukarasi-",34.99566,-10.7753,38,11
6154,"TANZANIA","Mkako",35.13672,-10.75206,52,17
6155,"TANZANIA","Mipotopot",35.24083,-11.46896,30,12
6156,"TANZANIA","Ndubi/Liw",34.64953,-10.64071,31,12
6157,"TANZANIA","Litoho",34.7779,-10.83749,31,10
6158,"TANZANIA","Tingi",35.05744,-11.3379,40,15
6159,"TANZANIA","Nangombo-",34.86447,-11.31862,58,20
6160,"TANZANIA","Makwambe",37.12124,-6.4744,32,11
6161,"TANZANIA","Kisangata",37.16397,-6.61405,31,7
6162,"TANZANIA","Dodoma-Is",36.91398,-6.90815,51,5
6163,"TANZANIA","Mnaga",36.87378,-7.0836,48,4
6164,"TANZANIA","Mikumi-Mo",36.98852,-7.42671,30,4
6165,"TANZANIA","Masimba",37.55288,-5.93387,23,1
6166,"TANZANIA","Ngai Sala",37.43553,-5.92604,39,3
6167,"TANZANIA","Ndole",37.39046,-6.15802,35,1
6168,"TANZANIA","Kwankoje",37.80596,-5.90304,30,7
6169,"TANZANIA","Kwezikwij",37.57093,-6.10203,43,1
6170,"TANZANIA","Kwadoli",37.63531,-6.05539,34,4
6171,"TANZANIA","Njeura",37.84603,-5.97077,30,4
6172,"TANZANIA","Matale",37.33084,-6.19784,34,4
6173,"TANZANIA","Ketaketa",36.74429,-9.05023,40,12
6174,"TANZANIA","Luhombero",36.85845,-9,40,10
6175,"TANZANIA","Nkonko",36.83167,-8.97459,40,4
6176,"TANZANIA","Mhuga",36.85889,-8.972319,40,10
6177,"TANZANIA","Gombe",36.80218,-8.86116,40,28
6178,"TANZANIA","Lukande",36.8294,-8.80218,40,20
6179,"TANZANIA","Mwaya",36.89041,-8.89498,40,8
6180,"TANZANIA","Ebuyu",36.75907,-8.97232,40,22
6181,"TANZANIA","Chilombol",36.77625,-8.91324,40,32
6182,"TANZANIA","Kituli",36.67737,-8.83848,40,26
6183,"TANZANIA","Mgalo",36.94737,-8.91334,40,32
6184,"TANZANIA","Isyaga",36.71325,-8.94964,40,38
6185,"TANZANIA","Uponera",36.68603,-8.72913,40,32
6186,"TANZANIA","Msogezi",36.63839,-8.62477,40,34
6187,"TANZANIA","Chikuti",36.7314,-8.5999,40,26
6188,"TANZANIA","Isongo",36.71325,-8.72459,40,34
6189,"TANZANIA","Idunda",36.7032,-8.46119,40,28
6190,"TANZANIA","Lupiro",36.6895,-8.35616,40,26
6191,"TANZANIA","Iragua",36.52042,-8.53403,40,22
6192,"TANZANIA","Madibira",36.26588,-8.86343,40,2
6193,"TANZANIA","Kalengake",36.3089,-8.81125,40,10
6194,"TANZANIA","Mbangala",36.733333,-8.599999,40,32
6195,"TANZANIA","LIGOMA",37.71,-10.82,40,16
6196,"TANZANIA","MISECHELA",37.54,-10.79,40,18.8
6197,"TANZANIA","NAMPUNGU",37.05,-10.92,40,16
6198,"TANZANIA","KIDODOMA",37.18,-10.94,40,16
6199,"TANZANIA","MACHEMBA",37.33,-10.76,40,13.2
6200,"TANZANIA","MAKANDE",37.39,-11.7,40,24
6201,"TANZANIA","CHIWANA",37.22,-10.69,40,10.8
6202,"TANZANIA","Lugala",36.17352,-8.89498,40,2
6203,"TANZANIA","Taweta",35.63927,-8.9863,40,12
6204,"TANZANIA","Tanganyik",35.649999,-9.116666,40,12
6205,"TANZANIA","Utengule",35.833333,-8.949999,40,8
6206,"TANZANIA","Mpanga",35.87671,-8.44749,40,18
6207,"TANZANIA","Chita",35.94977,-8.46575,40,8
6208,"TANZANIA","Mchombe",36.16895,-8.27854,40,8
6209,"TANZANIA","Mngeta",36.14612,-8.28767,40,16
6210,"TANZANIA","Mbingu",36.27854,-8.15069,40,12
6211,"TANZANIA","Kisawasaw",36.88585,-7.86301,40,12
6212,"TANZANIA","Sanje",36.92237,-7.73059,40,10
6213,"TANZANIA","Mlimba",35.816666,-8.8,40,18
6214,"TANZANIA","Merera",35.95,-8.633333,40,10
6215,"TANZANIA","Namawala",36.533333,-8.233333,40,14
6216,"TANZANIA","Mbasa",36.183332,-8.383333,40,8
6217,"TANZANIA","Kiberege",36.866666,-7.95,40,16
6218,"TANZANIA","Kidatu",36.95,-7.7,40,8
6219,"TANZANIA","Msolwa St",36.833333,-8.166666,40,12
13980,"TANZANIA","Ikondo",35.308056,-9.310278,43,10
13981,"TANZANIA","Kanikelele",35.431389,-9.245278,45,4
13982,"TANZANIA","Lwanzali",35.505833,-9.493056,58,14
13983,"TANZANIA","Mfiriga",35.366667,-9.670833,30,14
13984,"TANZANIA","Lugolofu",35.421389,-8.831944,30,8
13985,"TANZANIA","Magunguli",35.253056,-8.868611,30,20
13986,"TANZANIA","Idete",35.443611,-8.982222,30,18
13987,"TANZANIA","Ukami",35.8075,-8.616667,30,22
13988,"TANZANIA","Ihimbo",36.126944,-8.64,46,22
14229,"TANZANIA","Kwezitu",38.64212,-5.002593,671,220
14230,"TANZANIA","Kizerui",38.66933,-4.94397,213,213
14231,"TANZANIA","Zirai",38.64991,-4.99622,201,84
14232,"TANZANIA","Misalai",38.64214,-5.02599,324,111
14233,"TANZANIA","Mashewa",38.6677,-5.15729,790,149
14234,"TANZANIA","Vuga-Kigongoi",38.779,-4.80725,719,213
14235,"TANZANIA","Maramba B",38.80445,-4.86693,48,18
14236,"TANZANIA","Matemboni",38.77711,-4.89144,236,74
14237,"TANZANIA","Kilanga",38.70635,-4.91235,1605,538
14238,"TANZANIA","Bosha",38.72926,-4.89107,602,128
14239,"TANZANIA","Magoroto",38.73951,-5.10828,1736,407
14240,"TANZANIA","Kwatango",38.72916,-4.99692,520,191
14241,"TANZANIA","Misozwe",38.77558,-5.06445,813,204
